{
  "front": {
    "scores": {
      "final_grade": 6.5,
      "corners": 836.9066905975342,
      "centering": 470.2,
      "surface": 754.1169635951519,
      "edges": 850.0,
      "total": 2911.223654192686
    },
    "centering": {
      "measurements_mm": [
        0.0,
        0.0,
        0.0,
        0.0,
        0.0,
        37.831,
        37.831,
        37.831,
        37.831,
        37.831,
        23.545,
        23.545,
        23.545,
        23.545,
        23.545,
        23.545,
        23.545,
        20.899,
        20.899,
        20.899,
        20.899,
        20.899,
        20.899,
        20.899
      ],
      "groups": {
        "top": {
          "values": [
            0.0,
            0.0,
            0.0,
            0.0,
            0.0
          ],
          "avg": 0.0
        },
        "bottom": {
          "values": [
            37.831,
            37.831,
            37.831,
            37.831,
            37.831
          ],
          "avg": 37.831
        },
        "left": {
          "values": [
            23.545,
            23.545,
            23.545,
            23.545,
            23.545,
            23.545,
            23.545
          ],
          "avg": 23.545
        },
        "right": {
          "values": [
            20.899,
            20.899,
            20.899,
            20.899,
            20.899,
            20.899,
            20.899
          ],
          "avg": 20.899
        }
      },
      "ratios": {
        "top_bottom": [
          0.0,
          100.0
        ],
        "left_right": [
          52.98,
          47.02
        ]
      },
      "verdict": "Card is shifted down and left with ratios Top/Bottom = 0.00/100.00, Left/Right = 52.98/47.02.",
      "overall_centering_score": 47.02,
      "analysis_type": "24_point_professional",
      "formatted_text": "24-Point Measurements (mm):\nTop (1\u20135):    [0.0, 0.0, 0.0, 0.0, 0.0]  \u2192 Avg = 0.0 mm\nBottom (6\u201310): [37.831, 37.831, 37.831, 37.831, 37.831]  \u2192 Avg = 37.831 mm\nLeft (11\u201317): [23.545, 23.545, 23.545, 23.545, 23.545, 23.545, 23.545]  \u2192 Avg = 23.545 mm\nRight (18\u201324): [20.899, 20.899, 20.899, 20.899, 20.899, 20.899, 20.899]  \u2192 Avg = 20.899 mm\n\nTop/Bottom Centering: 0.00% / 100.00%\nLeft/Right Centering: 52.98% / 47.02%\n\nCard is shifted down and left with ratios Top/Bottom = 0.00/100.00, Left/Right = 52.98/47.02.",
      "visualization_data": {
        "pixmap_available": true,
        "measurements_count": 24,
        "pixmap": null
      },
      "rays": [
        [
          [
            283.66666666666663,
            2132.0
          ],
          [
            283.66666666666663,
            2132.0
          ]
        ],
        [
          [
            514.3333333333333,
            2132.0
          ],
          [
            514.3333333333333,
            2132.0
          ]
        ],
        [
          [
            745.0,
            2132.0
          ],
          [
            745.0,
            2132.0
          ]
        ],
        [
          [
            975.6666666666666,
            2132.0
          ],
          [
            975.6666666666666,
            2132.0
          ]
        ],
        [
          [
            1206.3333333333335,
            2132.0
          ],
          [
            1206.3333333333335,
            2132.0
          ]
        ],
        [
          [
            1206.3333333333333,
            15.0
          ],
          [
            1206.3333333333333,
            158.0
          ]
        ],
        [
          [
            975.6666666666667,
            15.0
          ],
          [
            975.6666666666667,
            158.0
          ]
        ],
        [
          [
            745.0,
            15.0
          ],
          [
            745.0,
            158.0
          ]
        ],
        [
          [
            514.3333333333334,
            15.0
          ],
          [
            514.3333333333334,
            158.0
          ]
        ],
        [
          [
            283.6666666666665,
            15.0
          ],
          [
            283.6666666666665,
            158.0
          ]
        ],
        [
          [
            53.0,
            279.625
          ],
          [
            142.0,
            279.625
          ]
        ],
        [
          [
            53.0,
            544.25
          ],
          [
            142.0,
            544.25
          ]
        ],
        [
          [
            53.0,
            808.875
          ],
          [
            142.0,
            808.875
          ]
        ],
        [
          [
            53.0,
            1073.5
          ],
          [
            142.0,
            1073.5
          ]
        ],
        [
          [
            53.0,
            1338.125
          ],
          [
            142.0,
            1338.125
          ]
        ],
        [
          [
            53.0,
            1602.75
          ],
          [
            142.0,
            1602.75
          ]
        ],
        [
          [
            53.0,
            1867.375
          ],
          [
            142.0,
            1867.375
          ]
        ],
        [
          [
            1437.0,
            1867.375
          ],
          [
            1358.0,
            1867.375
          ]
        ],
        [
          [
            1437.0,
            1602.75
          ],
          [
            1358.0,
            1602.75
          ]
        ],
        [
          [
            1437.0,
            1338.125
          ],
          [
            1358.0,
            1338.125
          ]
        ],
        [
          [
            1437.0,
            1073.5
          ],
          [
            1358.0,
            1073.5
          ]
        ],
        [
          [
            1437.0,
            808.875
          ],
          [
            1358.0,
            808.875
          ]
        ],
        [
          [
            1437.0,
            544.25
          ],
          [
            1358.0,
            544.25
          ]
        ],
        [
          [
            1437.0,
            279.625
          ],
          [
            1358.0,
            279.625
          ]
        ]
      ],
      "outer": [
        [
          53.0,
          2132.0
        ],
        [
          1437.0,
          2132.0
        ],
        [
          1437.0,
          15.0
        ],
        [
          53.0,
          15.0
        ]
      ],
      "inner": [
        [
          142.0,
          2132.0
        ],
        [
          1358.0,
          2132.0
        ],
        [
          1358.0,
          158.0
        ],
        [
          142.0,
          158.0
        ]
      ]
    },
    "corners": {
      "scores": {
        "tl_corner": 94.98556518554688,
        "tr_corner": 94.99656677246094,
        "bl_corner": 49.877567291259766,
        "br_corner": 94.9029769897461
      },
      "crops": {
        "tl_corner": null,
        "tr_corner": null,
        "bl_corner": null,
        "br_corner": null
      }
    },
    "surface": {
      "surface_integrity": 75.41169635951519,
      "defect_count": 3171,
      "surface_roughness": 0.4728807508945465
    },
    "quality_statements": {
      "corners": [
        "Corners show minor edge softening consistent with light handling"
      ],
      "centering": [
        "Significant centering deviation impacting grade potential"
      ],
      "surface": [
        "Good surface quality with minor imperfections detected"
      ],
      "edges": [
        "Excellent edge condition with minimal wear patterns"
      ]
    }
  },
  "back": {
    "scores": {
      "final_grade": 8.0,
      "corners": 949.2902565002441,
      "centering": 887.4,
      "surface": 737.785067409277,
      "edges": 850.0,
      "total": 3424.475323909521
    },